study,outcome,id,sex,age,age_error,age_sd,age_lower,age_upper,resource,units,raw_return,raw_sd,raw_se,adult_return,adult_sd,adult_se
Kramer_2009a,Kramer_2009a_fig5_sr,NA,female,NA,interval,NA,6,14,roots,g/h,670.2127659574497,648.9307202422013,129.78614404844026,1779.2553191489396,836.0544828146609,124.63164376446743
Kramer_2009a,Kramer_2009a_fig5_lr,NA,female,NA,interval,NA,6,14,roots,g/h,742.0212765957475,1555.8510638297873,285.00986282358866,2904.255319148939,1899.8746116687212,219.37862369469437
Kramer_2009a,Kramer_2009a_fig5_m,NA,female,NA,interval,NA,6,14,fruit,g/h,1867.0212765957483,1311.0380365815058,338.50856546164283,3662.234042553194,1315.400904003261,139.1199383666756
