study,outcome,id,sex,age,age_error,age_sd,age_lower,age_upper,resource,units,raw_return,raw_sd,raw_se,adult_return,adult_sd,adult_se
Hawkes_1995,Hawkes_1995_Table_5_Ondishibe,NA,female,8.38888888888889,NA,3.805077017763387,3.5,13.6,fruit,g/h,1547,416,208,2771,730.4861394988957,231
Hawkes_1995,Hawkes_1995_Table_5_Ondishibe,NA,male,11.472727272727273,NA,4.1337854102725045,5,17,fruit,g/h,1505,746.7047609329942,528,NA,NA,NA
Hawkes_1995,Hawkes_1995_Table_5_Ondishibe,NA,both,10.084999999999999,NA,4.191378996790537,3.5,17,fruit,g/h,1533,46.54030511288038,19,2771,730.4861394988957,231
Hawkes_1995,Hawkes_1995_Table_5_Tafabe,NA,female,8.38888888888889,NA,3.805077017763387,3.5,13.6,fruit,g/h,762,160.99689437998487,72,1281,347.97413696997654,93
Hawkes_1995,Hawkes_1995_Table_5_Tafabe,NA,male,11.472727272727273,NA,4.1337854102725045,5,17,fruit,g/h,1024,129.6919426949878,58,1156,227.80254607883555,93
Hawkes_1995,Hawkes_1995_Table_5_Tafabe,NA,both,10.084999999999999,NA,4.191378996790537,3.5,17,fruit,g/h,893,196.06121493043952,62,1244,308.577380894971,69
