study,outcome,id,sex,age,age_error,age_sd,age_lower,age_upper,resource,units,raw_return,raw_sd,adult_return,adult_sd,adult_se
Kramer_2009a,Kramer_2009a_sr,NA,female,NA,interval,NA,6,14,roots,kilos/hr,0.663306451612903,0.6559084699222258,1.7970430107526871,0.7427732384563382,0.11072609687040222
Kramer_2009a,Kramer_2009a_lr,NA,female,NA,interval,NA,6,14,roots,kilos/hr,0.762096774193548,1.4818548387096753,2.893145161290322,1.7366136253894566,0.2005268688193949
Kramer_2009a,Kramer_2009a_m,NA,female,NA,interval,NA,6,14,fruit,kilos/hr,1.8346774193548372,1.4686915352457144,3.650537634408602,1.2384022320916308,0.13097637509401774
